horizon_label,horizon_days,paths_simulated,expected_return,median_return,worst_5pct_return,best_5pct_return,probability_of_loss,probability_of_drawdown_10pct,probability_of_drawdown_20pct,average_simulated_max_drawdown
1m,21,5000,0.022207868535446772,0.022374306014123824,-0.06057800192362408,0.10470100809186174,0.3056,0.0282,0.0036,-0.03675626786514758
3m,63,5000,0.043168339110626314,0.04544120489286185,-0.11553732175786698,0.1930795944401535,0.3112,0.2268,0.0348,-0.07681170000240986
6m,126,5000,0.07811795874962443,0.08025436942220521,-0.1559498693179274,0.31521650021406783,0.281,0.4456,0.1008,-0.11055718295261217
1y,252,5000,0.14524980115677782,0.13658875411158788,-0.18141503663715658,0.5073380724446495,0.2458,0.7138,0.2396,-0.15411798128468154
