Regime_State,Regime_Label,Total_Days,Average_Daily_Return,Median_Daily_Return,Annualized_Volatility,Annualized_Downside_Volatility,Daily_VaR_95,Daily_CVaR_95,Max_Drawdown,Probability_Positive_Day,Probability_Crash_Day_1.5pct,Transition_Risk_to_Bearish
0,Distribution / Risk-Off Regime,472,-0.00019423451910057025,-0.0008690773369441351,0.19441614251158856,0.1370570123467501,0.01884044667546103,0.02568361204676596,-0.20738990921650663,0.451271186440678,0.09322033898305085,0.9322033898305085
1,Bullish High Volatility,609,0.0013734642256317583,0.0016036793506921665,0.13591381922035353,0.09294883347843794,0.011719737128305097,0.01965543792692429,-0.06700164120113532,0.6206896551724138,0.031198686371100164,0.016420361247947456
2,Bullish Low Volatility,690,0.0018333820298151832,0.0015218577513537168,0.1399797596372368,0.07938201313661253,0.012771612287114875,0.015963853291909202,-0.04616912925123775,0.5927536231884057,0.028985507246376812,0.04934687953555878
3,Distribution / Risk-Off Regime,895,3.7614278274355045e-06,-0.0001499387472150282,0.15503699046660865,0.1087729188723509,0.01577585607348453,0.020561528217200014,-0.21183989880610465,0.49273743016759775,0.06480446927374302,0.9430167597765363
4,Bearish High Volatility,151,-0.005114853529492581,-0.005282142747602747,0.4172336627181987,0.3464552794926001,0.04378053643081892,0.0680222736466286,-0.5974827216223726,0.40397350993377484,0.33774834437086093,0.9933774834437086
5,Sideways Low Volatility,958,0.00046765261141644025,0.0004411196438806053,0.10686020237399746,0.07130740574679889,0.010095364158449915,0.013999006671304279,-0.11765925105675823,0.5281837160751566,0.014613778705636743,0.0407098121085595
