regime_state,daily_count,percentage_days,average_daily_return,annualized_return,annualized_volatility,sharpe_ratio,sortino_ratio,max_drawdown,win_rate,average_duration_days,worst_day_return,best_day_return,skewness,kurtosis,prob_staying,regime_label
0,472,0.1166296021744502,-0.06172067775017474,-15.553610793044035,18.702265549476415,-0.8316431371320931,-1.3865200017278567,-1.1688829158393694,0.4343220338983051,10.488888888888889,-5.569061756959468,5.073795529121207,0.039772593831968864,1.6104333806394235,0.9046610169491526,Distribution / Risk-Off Regime
1,609,0.15048183839881393,0.08908736651403648,22.450016361537195,13.07451277483848,1.7170824449184523,2.698942276141634,-568.0383699031636,0.5763546798029556,21.75,-5.74690711255981,3.191517567639078,-0.8764727351183756,5.462678797141621,0.9540229885057471,Bullish High Volatility
2,690,0.17049666419570053,0.13333011710897635,33.59918951146204,13.465644377402642,2.4951787355862813,4.9007762238878865,-1.0056347843651199,0.5623188405797102,14.680851063829786,-2.2129159052603473,3.6300643186560353,0.3946890474976425,1.146388727946909,0.9332365747460087,Bullish Low Volatility
3,895,0.22115147022485793,-0.04267404546269954,-10.753859456600283,14.914106042019249,-0.7210529029565823,-1.1959283463032861,-2.125800418889245,0.4782122905027933,13.56060606060606,-3.441254485036969,4.518967489168797,0.11790391237051069,1.1188182823375694,0.9262569832402234,Distribution / Risk-Off Regime
4,151,0.03731158883123301,-0.5350698668210759,-134.83760643891114,40.13666075012934,-3.359462494360013,-4.851445995306543,-45.74350496427234,0.3973509933774834,6.863636363636363,-12.529865437692813,8.386916850774764,-0.48101285953786677,3.873352457882744,0.8543046357615894,Bearish High Volatility
5,958,0.2367185569557697,0.001950932635635789,0.49163502418021887,10.279639620718038,0.04782609530292833,0.08103436643702334,-1.0268781870900276,0.4989561586638831,18.07547169811321,-2.212315989763251,2.8306596116168348,0.06088114552270577,1.1312105420716332,0.9446764091858038,Sideways Low Volatility
