,To: Distribution / Risk-Off Regime,To: Bullish High Volatility,To: Bullish Low Volatility,To: Distribution / Risk-Off Regime,To: Bearish High Volatility,To: Sideways Low Volatility
From: Distribution / Risk-Off Regime,0.9046610169491526,0.0,0.06779661016949153,0.00211864406779661,0.025423728813559324,0.0
From: Bullish High Volatility,0.0,0.9540229885057471,0.0,0.016420361247947456,0.0,0.029556650246305417
From: Bullish Low Volatility,0.03773584905660377,0.00725689404934688,0.9332365747460087,0.011611030478955007,0.0,0.010159651669085631
From: Distribution / Risk-Off Regime,0.0067039106145251395,0.01005586592178771,0.01564245810055866,0.9262569832402234,0.01005586592178771,0.03128491620111732
From: Bearish High Volatility,0.08609271523178808,0.0,0.006622516556291391,0.052980132450331126,0.8543046357615894,0.0
From: Sideways Low Volatility,0.0,0.014613778705636743,0.0,0.0407098121085595,0.0,0.9446764091858038
